,store_id,timezone_str
0,8139926242460185114,Asia/Beirut
1,5415949628544298339,America/Boise
2,3408529570017053440,America/Denver
3,9055649751952768824,America/Denver
4,4428372089193592098,America/Denver
5,2689959411535120475,America/Denver
6,8297996490922435741,America/Denver
7,1050565545391667097,America/Denver
8,3483930781272060942,America/Denver
9,1740222068509982431,America/Denver
10,2859012985063828777,America/Denver
11,3828361964081888905,America/Denver
12,5789640881970906690,America/Denver
13,5723059602183693938,America/Denver
14,4378293333107164443,America/Denver
15,8778651700128892847,America/Denver
16,6666934422919388376,America/Denver
17,6163165919739157695,America/Denver
18,2190599106298424769,America/Denver
19,2225219938220197351,America/Denver
20,5925159570709352168,America/Denver
21,8175229951397380687,America/Denver
22,4292660491880158081,America/Denver
23,6733800122189753654,America/Denver
24,7463734423358941330,America/Denver
25,7622852966095963272,America/Denver
26,6160914795278193489,America/Denver
27,338646328301262317,America/Denver
28,8640972490360190883,America/Denver
29,9058019541301770690,America/Denver
30,4381311595575895588,America/Denver
31,2248905253110987612,America/Denver
32,7968584600264951543,America/Denver
33,1655838063357762151,America/Denver
34,2118894053982561987,America/Denver
35,8471700099357897929,America/Denver
36,8372524645314576802,America/Denver
37,5552924050444994427,America/Denver
38,6921452823375303736,America/Denver
39,4529169694434968721,America/Denver
40,2787020355835455025,America/Denver
41,8971475435584615792,America/Denver
42,1236888576653956449,America/Denver
43,2739250325777580694,America/Denver
44,3114628966267234599,America/Denver
45,2958221658060682960,America/Denver
46,7972619999376644068,America/Denver
47,7786277334741505527,America/Denver
48,7263129728113095915,America/Denver
49,1501752248305324318,America/Denver
50,7959626024093666288,America/Denver
51,5670977555241596822,America/Denver
52,1801116365065971671,America/Denver
53,5938218521494275420,America/Denver
54,7506757311218522218,America/Denver
55,7902319769656483014,America/Denver
56,5365891606775901565,America/Denver
57,7731628114272740713,America/Denver
58,2870952845845047203,America/Denver
59,4684120169809436364,America/Denver
60,8910898981588710522,America/Denver
61,8523889910428063033,America/Denver
62,8750493480383302874,America/Denver
63,8783340632782870568,America/Denver
64,3547443835360588068,America/Denver
65,8959583929144879812,America/Denver
66,2974109706633403181,America/Denver
67,9200325206334396031,America/Denver
68,7665740608437227886,America/Denver
69,5447095752406471819,America/Denver
70,246505907494256090,America/Denver
71,8803894796084290585,America/Denver
72,4474327339142902549,America/Denver
73,1541695097704177827,America/Denver
74,5168885062800076167,America/Denver
75,8285346587034743878,America/Denver
76,5181171500058101260,America/Denver
77,6575266446222613262,America/Denver
78,1678415024862242015,America/Denver
79,9111087628624425255,America/Denver
80,6204284763418530336,America/Denver
81,3881760078520801429,America/Denver
82,7292116609046500092,America/Denver
83,4652595129999264905,America/Denver
84,4490168262699716549,America/Denver
85,7250561679095390438,America/Denver
86,27099145190781701,America/Denver
87,7700426430210091660,America/Denver
88,7689815792422819661,America/Denver
89,534942062508143963,America/Denver
90,4186055994645210040,America/Denver
91,761150016862176214,America/Denver
92,9007766313027524324,America/Denver
93,7131983716943940560,America/Denver
94,2418585462528908688,America/Denver
95,2680489839325406534,America/Denver
96,2921770204752359016,America/Denver
97,4714225106250340108,America/Denver
98,8445695079583663910,America/Denver
99,8238018223692779431,America/Denver
100,2217565331202925858,America/Denver
101,8445372164064960268,America/Denver
102,8316894844897055929,America/Denver
103,3676139268965286790,America/Denver
104,4301772298177454840,America/Denver
105,8281805787549037440,America/Denver
106,8018186541496678058,America/Denver
107,4382118344072425968,America/Denver
108,6833286636551589412,America/Denver
109,2599611321049050132,America/Denver
110,5172683340926528202,America/Denver
111,2444571783856717430,America/Denver
112,464344448013588853,America/Denver
113,5531489951592523305,America/Denver
114,7717660522305873406,America/Denver
115,8442155930538555912,America/Denver
116,1406152021548527918,America/Denver
117,2743917683024367670,America/Denver
118,1263313221864352798,America/Denver
119,6033078927093216807,America/Denver
120,5324764130529948850,America/Denver
121,5963244290990414105,America/Denver
122,60457724125785585,America/Denver
123,2485499600567598550,America/Denver
124,7079274467824786529,America/Denver
125,1759100766811847016,America/Denver
126,5953482702228811540,America/Denver
127,7782135406639936057,America/Denver
128,6561703302272808517,America/Denver
129,2716610122072123243,America/Chicago
130,5347190332832093080,America/Chicago
131,8358338731902291786,America/Chicago
132,7494741768470986869,America/Chicago
133,5871369041881192916,America/Chicago
134,4093637869733340731,America/Chicago
135,4944536771765996026,America/Chicago
136,5638448267600207795,America/Chicago
137,6077660293503601866,America/Chicago
138,158406589678859173,America/Chicago
139,7614824149049759851,America/Chicago
140,4980781886232290796,America/Chicago
141,148795032015503980,America/Chicago
142,7048905833395581738,America/Chicago
143,3520543761789396773,America/Chicago
144,7700782639388559644,America/Chicago
145,8032203943642240039,America/Chicago
146,3511697439746388335,America/Chicago
147,541109969542481625,America/Chicago
148,2243645196147922938,America/Chicago
149,8138753161225770962,America/Chicago
150,4564476575467126467,America/Chicago
151,2745405131043922955,America/Chicago
152,367590061114712815,America/Chicago
153,4392262532304212457,America/Chicago
154,8204802052972909326,America/Chicago
155,8260425251717833965,America/Chicago
156,2723370672116413902,America/Chicago
157,4328591465187020322,America/Chicago
158,5013320822136552165,America/Chicago
159,7315424696798227151,America/Chicago
160,84556309993044773,America/Chicago
161,5501223155082294021,America/Chicago
162,7082578511700830448,America/Chicago
163,3735062644644951598,America/Chicago
164,6885055584095593568,America/Chicago
165,2739506591976043860,America/Chicago
166,7570269368745353854,America/Chicago
167,3880151045864708269,America/Chicago
168,3904969617592740705,America/Chicago
169,6293447473718103019,America/Chicago
170,9093184199664355954,America/Chicago
171,3639357247132139641,America/Chicago
172,4452511061815625182,America/Chicago
173,4302876854415357898,America/Chicago
174,9187547007090535526,America/Chicago
175,6102129618872858606,America/Chicago
176,6828664592648566966,America/Chicago
177,4294796976390641784,America/Chicago
178,2799412755942795518,America/Chicago
179,5228523973235102150,America/Chicago
180,7787233413436356353,America/Chicago
181,8767068586059881204,America/Chicago
182,6047205650421415000,America/Chicago
183,1653546505509885456,America/Chicago
184,2435196420942917349,America/Chicago
185,2357757371120531929,America/Chicago
186,404347378606512385,America/Chicago
187,7920342993186169703,America/Chicago
188,1749934803604450894,America/Chicago
189,4683660238197535839,America/Chicago
190,590843890890025127,America/Chicago
191,8518420877315551053,America/Chicago
192,8174582901236810236,America/Chicago
193,1247679670163222814,America/Chicago
194,2093459406570130080,America/Chicago
195,6552433352624117779,America/Chicago
196,5128069222245972936,America/Chicago
197,5617147641233795296,America/Chicago
198,2328922577549224385,America/Chicago
199,8902299702965892833,America/Chicago
200,5772275248460011564,America/Chicago
201,7709672704889672140,America/Chicago
202,1568938491008399136,America/Chicago
203,7598275831951085035,America/Chicago
204,5484740482186213372,America/Chicago
205,4270744069660276008,America/Chicago
206,5934756706876462824,America/Chicago
207,5332269489088543854,America/Chicago
208,2821716218327194996,America/Chicago
209,2141385027021675889,America/Chicago
210,2107845511883729045,America/Chicago
211,5645218418215070857,America/Chicago
212,3121383547391132887,America/Chicago
213,8470714152989033556,America/Chicago
214,1142217956989272744,America/Chicago
215,6940297665890606054,America/Chicago
216,4378492065940312953,America/Chicago
217,4668147078195147229,America/Chicago
218,1265586619698561267,America/Chicago
219,4108771977457241007,America/Chicago
220,442221075012068131,America/Chicago
221,1133297841839630705,America/Chicago
222,4393726559807507255,America/Chicago
223,2570503046636429378,America/Chicago
224,2741813902405087050,America/Chicago
225,114275044024650773,America/Chicago
226,3430291845684286642,America/Chicago
227,2789835417512749936,America/Chicago
228,6561574537151816086,America/Chicago
229,96562112022963516,America/Chicago
230,7535412366097548723,America/Chicago
231,3587665864946240964,America/Chicago
232,2601623541509400542,America/Chicago
233,7516542846385307227,America/Chicago
234,3510851156832069763,America/Chicago
235,7735253880009557608,America/Chicago
236,4624725758261783243,America/Chicago
237,3261499711683468740,America/Chicago
238,891329511295269720,America/Chicago
239,8395278100631560761,America/Chicago
240,2543361499493856526,America/Chicago
241,1352067438971867278,America/Chicago
242,8158574425503693718,America/Chicago
243,978662904734234369,America/Chicago
244,8284419975823451193,America/Chicago
245,4568804477775278696,America/Chicago
246,3334018861623947597,America/Chicago
247,5869359793550600766,America/Chicago
248,3967308403807969669,America/Chicago
249,7915689110941151310,America/Chicago
250,5749922296635145506,America/Chicago
251,8494749731668571682,America/Chicago
252,9125769193436105000,America/Chicago
253,8804060814231974834,America/Chicago
254,6762475149574716258,America/Chicago
255,8567568702056553166,America/Chicago
256,2062632175994588271,America/Chicago
257,2326998101403619796,America/Chicago
258,3476297652413330731,America/Chicago
259,8769244068032301610,America/Chicago
260,1281369870889059404,America/Chicago
261,7484228659551863931,America/Chicago
262,5194480840419173071,America/Chicago
263,7913048394031126738,America/Chicago
264,7107629672848489940,America/Chicago
265,7101133681770744047,America/Chicago
266,5285677229247796985,America/Chicago
267,2447384155877148423,America/Chicago
268,3004335085266214420,America/Chicago
269,4616172507620864132,America/Chicago
270,4479691732026209340,America/Chicago
271,6833173360315994191,America/Chicago
272,6348248333327710775,America/Chicago
273,3733328457465971628,America/Chicago
274,2696644192611925431,America/Chicago
275,8721185064311032518,America/Chicago
276,4147900741778358744,America/Chicago
277,5048390595707248268,America/Chicago
278,6236032181607039940,America/Chicago
279,4398082883008351949,America/Chicago
280,8656974969835091987,America/Chicago
281,78840133745304014,America/Chicago
282,3344763649801164460,America/Chicago
283,1552357708124022142,America/Chicago
284,5528766180183805661,America/Chicago
285,6252624026242162708,America/Chicago
286,4923162991944642705,America/Chicago
287,6792005552508373456,America/Chicago
288,3207936275085636287,America/Chicago
289,1227925152111468964,America/Chicago
290,3830435584849095889,America/Chicago
291,5721357029476609077,America/Chicago
292,1495179965606986494,America/Chicago
293,5610412530533291063,America/Chicago
294,9111813718630350474,America/Chicago
295,7001015127375054226,America/Chicago
296,2126569572325536294,America/Chicago
297,4664838166424751162,America/Chicago
298,1062490453651181568,America/Chicago
299,3119561459267159151,America/Chicago
300,5829217592981755483,America/Chicago
301,229392696493371616,America/Chicago
302,3897548149267830666,America/Chicago
303,7898009483253486425,America/Chicago
304,7116155571181942746,America/Chicago
305,3408762813100733141,America/Chicago
306,6202874450801049187,America/Chicago
307,4248854976462323200,America/Chicago
308,6540865366107698272,America/Chicago
309,3750497338178007450,America/Chicago
310,544843242554356188,America/Chicago
311,4681743429609749121,America/Chicago
312,1245871250837592404,America/Chicago
313,2742003467129972596,America/Chicago
314,6817327931256412969,America/Chicago
315,6108971205781098565,America/Chicago
316,145417959116960440,America/Chicago
317,2671352006512594556,America/Chicago
318,5516253888190090178,America/Chicago
319,3673755321638450787,America/Chicago
320,757564082742101725,America/Chicago
321,391996128555104689,America/Chicago
322,1024015964072928046,America/Chicago
323,4307011245033810874,America/Chicago
324,8833174126387019785,America/Chicago
325,2378940157071248391,America/Chicago
326,2460010385978945388,America/Chicago
327,2607803237069552758,America/Chicago
328,5441697692781080792,America/Chicago
329,2942562654126415992,America/Chicago
330,8342809399303170104,America/Chicago
331,5514360354119431183,America/Chicago
332,7669040490108017952,America/Chicago
333,12572597046904092,America/Chicago
334,1324681203567490082,America/Chicago
335,3970428415823108093,America/Chicago
336,1281962307190481769,America/Chicago
337,7865853505802791614,America/Chicago
338,339527900019182494,America/Chicago
339,2200316197143126398,America/Chicago
340,849669130903883218,America/Chicago
341,1120203242682432112,America/Chicago
342,1339634828329062513,America/Chicago
343,8377637253278141924,America/Chicago
344,1406055937856189625,America/Chicago
345,5670063460750150662,America/Chicago
346,4756832881864797637,America/Chicago
347,7848107479568999542,America/Chicago
348,7102602689636982474,America/Chicago
349,3528905339584729426,America/Chicago
350,6644346740593479671,America/Chicago
351,7298697060786411262,America/Chicago
352,332573856100750857,America/Chicago
353,8046946363444153301,America/Chicago
354,921857799091881195,America/Chicago
355,8469454412704129667,America/Chicago
356,6842397837840074931,America/Chicago
357,3335936003001211540,America/Chicago
358,1494721423399185336,America/Chicago
359,5548591958446704772,America/Chicago
360,3355650025131059565,America/Chicago
361,4823461475864726096,America/Chicago
362,3309449187761773285,America/Chicago
363,6908789011556253351,America/Chicago
364,8165685535525538800,America/Chicago
365,7384579014141510360,America/Chicago
366,1912555533282230523,America/Chicago
367,4176667942951462854,America/Chicago
368,6935189878675027473,America/Chicago
369,8493329891106339753,America/Chicago
370,6534582361387159998,America/Chicago
371,4958276022230275279,America/Chicago
372,6263806500030725828,America/Chicago
373,4656329363676640496,America/Chicago
374,5882131408888381960,America/Chicago
375,5148694224669442750,America/Chicago
376,7377442190619561655,America/Chicago
377,8241407863379904851,America/Chicago
378,6243851406198325678,America/Chicago
379,8739366148952710727,America/Chicago
380,6459845284155432644,America/Chicago
381,810957447354664574,America/Chicago
382,8970509312518893785,America/Chicago
383,1759040210299471913,America/Chicago
384,3131488116569714251,America/Chicago
385,5044586070385128581,America/Chicago
386,7466277663248763659,America/Chicago
387,6703745954269203712,America/Chicago
388,3655250411246040457,America/Chicago
389,4608713669307530996,America/Chicago
390,9218470229355806679,America/Chicago
391,2689915302676052787,America/Chicago
392,3181682982511372161,America/Chicago
393,8957564409329106783,America/Chicago
394,5437414992872782794,America/Chicago
395,1736823622651363324,America/Chicago
396,5225120952399060307,America/Chicago
397,6421416286321404209,America/Chicago
398,8525317248689089924,America/Chicago
399,5885389123242289716,America/Chicago
400,1568048303936889128,America/Chicago
401,1275530718017616233,America/Chicago
402,7423028298759910665,America/Chicago
403,2222659961197665002,America/Chicago
404,2581306311641061569,America/Chicago
405,4439758315040000214,America/Chicago
406,2816010346575914202,America/Chicago
407,9091984024869413132,America/Chicago
408,3010734844991134260,America/Chicago
409,3478508669626617796,America/Chicago
410,922677094745545948,America/Chicago
411,8510657403329403361,America/Chicago
412,2544654206029195412,America/Chicago
413,1085824308941718209,America/Chicago
414,7642900884278143798,America/Chicago
415,4772426002265484977,America/Chicago
416,8839009347165021967,America/Chicago
417,1076326551375173763,America/Chicago
418,3483396411645927810,America/Chicago
419,8383837387169593069,America/Chicago
420,8596104727907893615,America/Chicago
421,5943691394885647081,America/Chicago
422,7160291849340964918,America/Chicago
423,8705601254340815493,America/Chicago
424,4164786324368398402,America/Chicago
425,1329620749273573213,America/Chicago
426,3872163434748924812,America/Chicago
427,530052332378613789,America/Chicago
428,544421500538284823,America/Chicago
429,8252810315979230650,America/Chicago
430,2654794462633250702,America/Chicago
431,5638371070040836066,America/Chicago
432,4647070785754553179,America/Chicago
433,5414311746658143054,America/Chicago
434,6651116329301285608,America/Chicago
435,6022548883305393564,America/Chicago
436,3182483432348915988,America/Chicago
437,6710364911321105729,America/Chicago
438,7431024604579120252,America/Chicago
439,8516636064198554687,America/Chicago
440,4866400698986294569,America/Chicago
441,2237237809358266022,America/Chicago
442,5404373355533072272,America/Chicago
443,807795446744791539,America/Chicago
444,3636679415424536226,America/Chicago
445,5519546548733745356,America/Chicago
446,3302025903868811555,America/Chicago
447,3570313972097068018,America/Chicago
448,2169420598568208664,America/Chicago
449,7369000223881875999,America/Chicago
450,1600945327166552615,America/Chicago
451,5011875935689158149,America/Chicago
452,8057193747432734671,America/Chicago
453,6814306481052341158,America/Chicago
454,6082960386530651837,America/Chicago
455,8302393800798571304,America/Chicago
456,4917202297383237926,America/Chicago
457,6953348387419728440,America/Chicago
458,2152172270735743834,America/Chicago
459,3217866581073341993,America/Chicago
460,4921318406079072062,America/Chicago
461,222120335767680780,America/Chicago
462,5366893348553692452,America/Chicago
463,191331733720214713,America/Chicago
464,7235724709470150362,America/Chicago
465,1704502456927455373,America/Chicago
466,505566916207950598,America/Chicago
467,7852975887098099378,America/Chicago
468,4789157162476311805,America/Chicago
469,3301402885999045956,America/Chicago
470,4025243709505534400,America/Chicago
471,2717033434149907233,America/Chicago
472,5623183175403629727,America/Chicago
473,7764169820811597185,America/Chicago
474,8496299046890675668,America/Chicago
475,2755282567814293240,America/Chicago
476,7542507095706884557,America/Chicago
477,6711428470739531382,America/Chicago
478,3955175527438439049,America/Chicago
479,8363703646299213971,America/Chicago
480,4390339339092922880,America/Chicago
481,2819620032108319968,America/Chicago
482,8273753264268101658,America/Chicago
483,1059123788319082228,America/Chicago
484,6321616220523777465,America/Chicago
485,8562380563167441809,America/Chicago
486,4846221263435180255,America/Chicago
487,468251853021790099,America/Chicago
488,8317560550989820837,America/Chicago
489,6189768128772440449,America/Chicago
490,10913998916849586,America/Chicago
491,396078877209258585,America/Chicago
492,7685023249649306361,America/Chicago
493,6570957590527764528,America/Chicago
494,1851462329436760047,America/Chicago
495,9094899234157960657,America/Chicago
496,3109175233871883374,America/Chicago
497,1834569743158088021,America/Chicago
498,4424946105527141451,America/Chicago
499,2999376585553443335,America/Chicago
500,3472583359122033940,America/Chicago
501,7186159957839323524,America/Chicago
502,7829875808885458590,America/Chicago
503,5857383362689775783,America/Chicago
504,8245825950638749372,America/Chicago
505,4681761385056565771,America/Chicago
506,3199288788810367360,America/Chicago
507,8024838149298896430,America/Chicago
508,4738825005004186886,America/Chicago
509,2557363912224593999,America/Chicago
510,7093743177671699467,America/Chicago
511,1603774261069625841,America/Chicago
512,2740314805467984430,America/Chicago
513,1095317074200225605,America/Chicago
514,2336119809941801598,America/Chicago
515,4113789786207506299,America/Chicago
516,1530189762783095168,America/Chicago
517,9028358488290162703,America/Chicago
518,4211742229230531986,America/Chicago
519,86280978327987306,America/Chicago
520,2794668734436382699,America/Chicago
521,2637135180128265866,America/Chicago
522,7285025333367797175,America/Chicago
523,4229534553524953507,America/Chicago
524,7872057805038703923,America/Chicago
525,3478034052400425126,America/Chicago
526,3705229786086545658,America/Chicago
527,4455955882727210429,America/Chicago
528,7378209180335728706,America/Chicago
529,3835220596587037896,America/Chicago
530,6934282015525708051,America/Chicago
531,2739571364086420885,America/Chicago
532,2378235490339082505,America/Chicago
533,4631422733156765096,America/Chicago
534,498507889058368504,America/Chicago
535,8562888091899130185,America/Chicago
536,3526550107739667540,America/Chicago
537,3585657517109439062,America/Chicago
538,6374225983522703190,America/Chicago
539,3815439093006914422,America/Chicago
540,3272045057316259592,America/Chicago
541,5048490932761510857,America/Chicago
542,5775255591306877364,America/Chicago
543,7582069595165541352,America/Chicago
544,5658095063472105077,America/Chicago
545,8783702544048545188,America/Chicago
546,3230649452233072527,America/Chicago
547,4545109870331407179,America/Chicago
548,1387499127856730283,America/Chicago
549,3773190039392271685,America/Chicago
550,2603208997901235365,America/Chicago
551,1699237904069988468,America/Chicago
552,61249558930922388,America/Chicago
553,8156012280066976692,America/Chicago
554,2237706596783713721,America/Chicago
555,6552654471062018440,America/Chicago
556,6936490969710201366,America/Chicago
557,2399528086871175580,America/Chicago
558,663034937572544197,America/Chicago
559,669891907552658421,America/Chicago
560,5102129532826692428,America/Chicago
561,8933079223550783226,America/Chicago
562,294330749305213289,America/Chicago
563,7707528008225066648,America/Chicago
564,1641569296021103785,America/Chicago
565,4301691019706464256,America/Chicago
566,6922065097784044235,America/Chicago
567,5364482641103760905,America/Chicago
568,8947746420989097145,America/Chicago
569,4750972984503710487,America/Chicago
570,3194503360329838738,America/Chicago
571,5328868441857118583,America/Chicago
572,3695022570505501051,America/Chicago
573,7051857931649539994,America/Chicago
574,1457721081990653172,America/Chicago
575,4258430292538152783,America/Chicago
576,106468360682739586,America/Chicago
577,7313783811030440445,America/Chicago
578,8835187269741245949,America/Chicago
579,2254345540888774754,America/Chicago
580,8091378431608170005,America/Chicago
581,7042794996615483386,America/Chicago
582,7680612665427845811,America/Chicago
583,2378834470095357297,America/Chicago
584,8670696899878762943,America/Chicago
585,6104774241364058349,America/Chicago
586,1868307042375215207,America/Chicago
587,918401936273728554,America/Chicago
588,5366072592790137092,America/Chicago
589,7078500601172140486,America/Chicago
590,5587568496527379193,America/Chicago
591,5175069132751814351,America/Chicago
592,3683209280250377921,America/Chicago
593,7681219113084292190,America/Chicago
594,1921454076511895339,America/Chicago
595,3480743953780628156,America/Chicago
596,6361135200790329214,America/Chicago
597,8167861777770124168,America/Chicago
598,7284033073501154264,America/Chicago
599,1087889765091730849,America/Chicago
600,4993050751327963474,America/Chicago
601,2088770151390257149,America/Chicago
602,5288022037722914898,America/Chicago
603,1758856469274535983,America/Chicago
604,1499848007077225326,America/Chicago
605,1479192551603889353,America/Chicago
606,2119174631289855900,America/Chicago
607,7966661384416535769,America/Chicago
608,7680753725527618600,America/Chicago
609,7197782624768298303,America/Chicago
610,8457830603693431027,America/Chicago
611,7586236246925198801,America/Chicago
612,8950409301820724580,America/Chicago
613,7863591736472240852,America/Chicago
614,8720357761989598898,America/Chicago
615,3557299608514966155,America/Chicago
616,1019604210961591619,America/Chicago
617,203579134595321677,America/Chicago
618,673229154936580065,America/Chicago
619,6150710830392700827,America/Chicago
620,3478937946272191427,America/Chicago
621,2847403169862292114,America/Chicago
622,8268352865482234759,America/Chicago
623,7738559705422502250,America/Chicago
624,4197788539591985681,America/Chicago
625,8083815008799489135,America/Chicago
626,815627275967566024,America/Chicago
627,8485659148100683543,America/Chicago
628,9122234953594183574,America/Chicago
629,6393855138573945748,America/Chicago
630,3945441938695925496,America/Chicago
631,8615198867927056105,America/Chicago
632,6140591906088014644,America/Chicago
633,7133242594833843971,America/Chicago
634,7692838032555156056,America/Chicago
635,55151290366655015,America/Chicago
636,1450203922509823592,America/Chicago
637,4186126092625522102,America/Chicago
638,6700827192863201373,America/Chicago
639,299227269549581664,America/Chicago
640,8756957520812511864,America/Chicago
641,2790188243792541721,America/Chicago
642,5780813717310121743,America/Chicago
643,1631016403623179868,America/Chicago
644,8990811386950295397,America/Chicago
645,6116589245105686742,America/Chicago
646,9216608060240292676,America/Chicago
647,5383477212520237550,America/Chicago
648,5631063694141032107,America/Chicago
649,7738034470109474246,America/Chicago
650,8749623912306953167,America/Chicago
651,887677403014442528,America/Chicago
652,4936277927121415237,America/Chicago
653,4448610765855439068,America/Chicago
654,6836033035108373086,America/Chicago
655,234569288492497785,America/Chicago
656,1348165316793721419,America/Chicago
657,584751489929412132,America/Chicago
658,5279170232832428827,America/Chicago
659,5707114606967434560,America/Chicago
660,8208813797060980336,America/Chicago
661,5887114744057520370,America/Chicago
662,2599475649067501230,America/Chicago
663,1278643893148035299,America/Chicago
664,3512974005350486928,America/Chicago
665,4960244948227053133,America/Chicago
666,9211173451848779996,America/Chicago
667,2067164734746716745,America/Chicago
668,752281089013846258,America/Chicago
669,4674224899881959248,America/Chicago
670,3419360295103124992,America/Chicago
671,3391217351846804188,America/Chicago
672,6489431294482978593,America/Chicago
673,3186439736636543527,America/Chicago
674,448492328628553910,America/Chicago
675,8155883240225168501,America/Chicago
676,4966605174073389857,America/Chicago
677,6087886175480507340,America/Chicago
678,4912020775266070696,America/Chicago
679,2524362373133678272,America/Chicago
680,6498887499737752417,America/Chicago
681,1825417801525034310,America/Chicago
682,3613694851117232441,America/Chicago
683,690952768266334262,America/Chicago
684,6449099494722666792,America/Chicago
685,5912314869414264686,America/Chicago
686,1391578054319204544,America/Chicago
687,4319734319707522753,America/Chicago
688,4090481524831590900,America/Chicago
689,5707059129682144444,America/Chicago
690,2866836428660074348,America/Chicago
691,2594115075249930979,America/Chicago
692,4071913031448196877,America/Chicago
693,8478471844472110694,America/Chicago
694,523049297143591344,America/Chicago
695,6312260978612109571,America/Chicago
696,9185710811148449966,America/Chicago
697,5984095994339754784,America/Chicago
698,1712278235275382444,America/Chicago
699,3299199489872676166,America/Chicago
700,6418821628339996480,America/Chicago
701,5357681752363472539,America/Chicago
702,6251702277533981511,America/Chicago
703,7948639756958513365,America/Chicago
704,9021704785002140475,America/Chicago
705,7037281316468280772,America/Chicago
706,6518644166216963647,America/Chicago
707,8892632628742932253,America/Chicago
708,2571476781076473087,America/Chicago
709,8957614279107724771,America/Chicago
710,5556620704743447028,America/Chicago
711,7361989448977438530,America/Chicago
712,3770336430042470748,America/Chicago
713,2429898146291919515,America/Chicago
714,5668663208996864175,America/Chicago
715,7830218091412521629,America/Chicago
716,2259299822304943848,America/Chicago
717,3002563977790624247,America/Chicago
718,3164140584655400199,America/Chicago
719,7258872551189940695,America/Chicago
720,2102359227516493703,America/Chicago
721,6917905471606886917,America/Chicago
722,7049954960452260217,America/Chicago
723,2619296338467852730,America/Chicago
724,6804389613752301838,America/Chicago
725,7136624914682454167,America/Chicago
726,9090972170317646015,America/Chicago
727,5261885258646532685,America/Chicago
728,2680650532958055131,America/Chicago
729,4953746467243872212,America/Chicago
730,4643583928115726413,America/Chicago
731,1849388240019458095,America/Chicago
732,7374835621024359510,America/Chicago
733,6958552992876076586,America/Chicago
734,5767579036605507392,America/Chicago
735,3460865388202472641,America/Chicago
736,6582094359147206562,America/Chicago
737,5507678232745829789,America/Chicago
738,3361278033591045661,America/Chicago
739,3406213355646882913,America/Chicago
740,3736020474948612623,America/Chicago
741,7613925694041750584,America/Chicago
742,7972220492862956982,America/Chicago
743,8502849623777369877,America/Chicago
744,5959131204362887425,America/Chicago
745,9091598463726892679,America/Chicago
746,3698023975922519548,America/Chicago
747,3196451615340323996,America/Chicago
748,2543587898066870083,America/Chicago
749,1030744217790694351,America/Chicago
750,8190956604937856935,America/Chicago
751,4319847457369554750,America/Chicago
752,1306376180873819584,America/Chicago
753,219481587825507923,America/Chicago
754,5541569550477620896,America/Chicago
755,4740534269615446483,America/Chicago
756,4453200001850213794,America/Chicago
757,421098262850813416,America/Chicago
758,2219094123661863605,America/Chicago
759,1589868723132088414,America/Chicago
760,8789085811028500642,America/Chicago
761,4079089274955837207,America/Chicago
762,732111080654770566,America/Chicago
763,1844746250096089921,America/Chicago
764,495872192131912338,America/Chicago
765,3042465185631957721,America/Chicago
766,4411773601118000118,America/Chicago
767,6808784752574698744,America/Chicago
768,5964200933232420586,America/Chicago
769,3525036210361946574,America/Chicago
770,8552358569457577396,America/Chicago
771,7219400997093143883,America/Chicago
772,7506008567511802466,America/Chicago
773,2426065873113268109,America/Chicago
774,5354461434537750315,America/Chicago
775,6521709332044336823,America/Chicago
776,8430834726849408278,America/Chicago
777,7764287629026272070,America/Chicago
778,2582708219038444833,America/Chicago
779,2862331239181113705,America/Chicago
780,5030599329267502189,America/Chicago
781,4217851448495228964,America/Chicago
782,497720491861994823,America/Chicago
783,6673937918210303628,America/Chicago
784,7793988520768291619,America/Chicago
785,3771463485782823457,America/Chicago
786,8580273057013579487,America/Chicago
787,568283481102428664,America/Chicago
788,4421288579483257531,America/Chicago
789,4566431304983148889,America/Chicago
790,1714909675947238649,America/Chicago
791,2906370246630323779,America/Chicago
792,3823987586241023406,America/Chicago
793,1438440129937723749,America/Chicago
794,819095352994081469,America/Chicago
795,6672358313930068568,America/Chicago
796,2666209032810109242,America/Chicago
797,6521240417322624256,America/Chicago
798,5820772308537174327,America/Chicago
799,9058354613267166746,America/Chicago
800,2475650598922944667,America/Chicago
801,7127159501408290773,America/Chicago
802,1254840125994230190,America/Chicago
803,4732139104302921271,America/Chicago
804,1913159033416889517,America/Chicago
805,1124015659351481418,America/Chicago
806,6453972879086835313,America/Chicago
807,200167416351454357,America/Chicago
808,8586165988377528596,America/Chicago
809,2959138085859903490,America/Chicago
810,7599966346464687477,America/Chicago
811,2749037103784818563,America/Chicago
812,916184387448422638,America/Chicago
813,4207849458368143009,America/Chicago
814,3458686109894901608,America/Chicago
815,4141636340392982309,America/Chicago
816,1371849574488074547,America/Chicago
817,1371997620756405325,America/Chicago
818,7364665232486517015,America/Chicago
819,1287736612225561084,America/Chicago
820,3979734616819094992,America/Chicago
821,4819303266845858418,America/Chicago
822,8754037299794781932,America/Chicago
823,8850787479646852679,America/Chicago
824,741582341860926253,America/Chicago
825,7444716675586660524,America/Chicago
826,5925908653270249344,America/Chicago
827,5015159283312873114,America/Chicago
828,5946972083867051183,America/Chicago
829,5159878404342626391,America/Chicago
830,3060741418678840896,America/Chicago
831,6693835398675714278,America/Chicago
832,7722193507131423111,America/Chicago
833,8556921637233741846,America/Chicago
834,7361102123552834037,America/Chicago
835,2123709446545200911,America/Chicago
836,9160893453047180543,America/Chicago
837,97178307441486002,America/Chicago
838,226384701555673146,America/Chicago
839,435085418018390256,America/Chicago
840,7919799563790260571,America/Chicago
841,7011132323267779050,America/Chicago
842,6914747689514833207,America/Chicago
843,5704365908807155452,America/Chicago
844,3192652934668828619,America/Chicago
845,6451990592605289918,America/Chicago
846,3054456904754042262,America/Chicago
847,1050521747034630519,America/Chicago
848,3747499719140042200,America/Chicago
849,7362792770515105047,America/Chicago
850,2200811824942607177,America/Chicago
851,8185596343344179578,America/Chicago
852,6064066189457611359,America/Chicago
853,8750077875509858628,America/Chicago
854,1356639062004033069,America/Chicago
855,5873420561510150431,America/Chicago
856,4743255264227164964,America/Chicago
857,4491819993312601195,America/Chicago
858,6447334345695462104,America/Chicago
859,2013561676421083817,America/Chicago
860,8958648822425380516,America/Chicago
861,1580101797067746428,America/Chicago
862,4713142533156884849,America/Chicago
863,2837852186305332910,America/Chicago
864,4038082880129066347,America/Chicago
865,751852163964670433,America/Chicago
866,803265990180573432,America/Chicago
867,7294048986593259344,America/Chicago
868,4256136510857173014,America/Chicago
869,1237832351878275948,America/Chicago
870,660813193985177775,America/Chicago
871,1869238669889378147,America/Chicago
872,2343433192993580670,America/Chicago
873,3191503606930686973,America/Chicago
874,6122083003778400912,America/Chicago
875,2804435898366535856,America/Chicago
876,3324030567183829850,America/Chicago
877,5557722306630894210,America/Chicago
878,2650516056461391279,America/Chicago
879,6293405985670147657,America/Chicago
880,226072070942895639,America/Chicago
881,3072450101185104763,America/Chicago
882,4986081097183220101,America/Chicago
883,3922988079736481532,America/Chicago
884,8719470752573853695,America/Chicago
885,6233736271756057791,America/Chicago
886,4375407253113357692,America/Chicago
887,5523391085148600449,America/Chicago
888,6414533977419626526,America/Chicago
889,7549938997280081169,America/Chicago
890,4957109032670368344,America/Chicago
891,1841819220122241606,America/Chicago
892,2441408053249350573,America/Chicago
893,219695402222975151,America/Chicago
894,4308716327356326641,America/Chicago
895,3186178442210385316,America/Chicago
896,2982850244696162903,America/Chicago
897,6243878889832386076,America/Chicago
898,8991209400382186377,America/Chicago
899,5145591169411116218,America/Chicago
900,7306894114896605584,America/Chicago
901,935974959390587892,America/Chicago
902,8266393569960240479,America/Chicago
903,4873647322106633953,America/Chicago
904,6916037338549121180,America/Chicago
905,6857135258254265593,America/Chicago
906,4161772017643582927,America/Chicago
907,1352595710113623376,America/Chicago
908,1195597592963692878,America/Chicago
909,6087083978055560812,America/Chicago
910,6272901838375088552,America/Chicago
911,7834232823683467966,America/Chicago
912,1265618319626440838,America/Chicago
913,466834410540172344,America/Chicago
914,3859463111626099136,America/Chicago
915,8452777618327034567,America/Chicago
916,3832894647282914485,America/Chicago
917,7118921019941583924,America/Chicago
918,6630662777571457708,America/Chicago
919,6514029577432232231,America/Chicago
920,7003649883691974790,America/Chicago
921,130955237087450280,America/Chicago
922,6530239491569517622,America/Chicago
923,4338345080498315675,America/Chicago
924,1222535850393860412,America/Chicago
925,7319330480267641891,America/Chicago
926,7589827169500497867,America/Chicago
927,1533903692306113107,America/Chicago
928,6689623260520570330,America/Chicago
929,5108980723963467503,America/Chicago
930,4465184548745789760,America/Chicago
931,6737616692153207290,America/Chicago
932,3248965879582094198,America/Chicago
933,5081715036100836729,America/Chicago
934,8070722223338266232,America/Chicago
935,4449997582152856966,America/Chicago
936,3390153829311738919,America/Chicago
937,6591749030352608125,America/Chicago
938,5905706931709191245,America/Chicago
939,2494310527535070667,America/Chicago
940,3767574309250544663,America/Chicago
941,5400810281617691359,America/Chicago
942,3830830144736939469,America/Chicago
943,1222893676877529147,America/Chicago
944,8477226174020564716,America/Chicago
945,2518194778748263352,America/Chicago
946,2980961008473659402,America/Chicago
947,3165603542422832458,America/Chicago
948,6999761133614228784,America/Chicago
949,667833821729270380,America/Chicago
950,3886022363052852641,America/Chicago
951,5463331764180716776,America/Chicago
952,3061344743089708812,America/Chicago
953,6240774843076437601,America/Chicago
954,2027209964346458699,America/Chicago
955,6799704751597808784,America/Chicago
956,4650620284862627501,America/Chicago
957,6885740106641037102,America/Chicago
958,5277571766080786770,America/Chicago
959,6041947650055882306,America/Chicago
960,8057204907167274318,America/Chicago
961,3259756080377944475,America/Chicago
962,8207758013351082541,America/Chicago
963,2679124398332312892,America/Chicago
964,4343365755751864239,America/Chicago
965,7811780403049229937,America/Chicago
966,461925840980287263,America/Chicago
967,5960515524698016488,America/Chicago
968,7146859192891703417,America/Chicago
969,750270952748783600,America/Chicago
970,2714760176913238454,America/Chicago
971,2076194416220430123,America/Chicago
972,1038266841183338064,America/Chicago
973,5124661901286665930,America/Chicago
974,3958235490145261247,America/Chicago
975,7593920064176793423,America/Chicago
976,8528312407607344491,America/Chicago
977,3063955310568742423,America/Chicago
978,986005178164070807,America/Chicago
979,2659535035040072426,America/Chicago
980,2700861810192743230,America/Chicago
981,3274975949635480151,America/Chicago
982,2270781978737349701,America/Chicago
983,4242576272961952236,America/Chicago
984,616582292964319224,America/Chicago
985,2215773843009654110,America/Chicago
986,2849133417129379800,America/Chicago
987,207146620966629535,America/Chicago
988,7206381619567002665,America/Chicago
989,8530628936809393607,America/Chicago
990,247628394492274140,America/Chicago
991,8366349577194256830,America/Chicago
992,4338052572429671405,America/Chicago
993,4146890361284182655,America/Chicago
994,4462219569594733796,America/Chicago
995,2526028253610433739,America/Chicago
996,3855456092385652485,America/Chicago
997,4147638319038342252,America/Chicago
998,5009225373959901596,America/Chicago
999,3412174378523973497,America/Chicago
